text,word,n,id,name,Comments,CL,keyword,cbdsmokeshop,retailer,RT,Duplicate,Keyword mentioned in post?,Ingestible_edible,Vape,flower_combustible,non_ingestible,delta_8_specific,flavoring_mentioned,tested,amount_of_drug,sale_promotion_or_giveaway,Therapeutic_claim,Effects_mentioned,Naturalness,legal_high,popularity,availability,website,cbdsmokeshop_cl,retailer_cl,RT_cl,Duplicate_cl,Keyword mentioned in post?_cl,Ingestible_edible_cl,Vape_cl,flower_combustible_cl,non_ingestible_cl,delta_8_specific_cl,flavoring_mentioned_cl,tested_cl,amount_of_drug_cl,sale_promotion_or_giveaway_cl,Therapeutic_claim_cl,Effects_mentioned_cl,Naturalness_cl,legal_high_cl,popularity_cl,availability_cl,Website_cl
,,,,,,,,,,,,,,,,,,,,,,,,,,,,,,,,,,,,,,,,,,,,,,,,,
"#edibles #cbdoil #prerolls #cannabis  #vapejuice #cannabiscommunity CBD Peanut Butter - 500mg

Add the delicious experience of Yum Yum‚Äôs CBD Peanut Butter with 500mg of CBD in an 8oz package! Savor the experience of adding https://t.co/5Bfg0JtfP2 #cbdedibles #delta8 https://t.co/X4ZpUnaHLT",cbd,32586,1.43E+18,CBDSmokeShop,"hashtag standalone, food/bev","edible, savory, amount of drug, delicious","product advertising, hashtag standalone and in post",1,1,0,0,1,1,0,0,0,0,0,0,1,0,0,0,0,0,0,0,1,1,1,0,1,1,1,0,0,0,0,1,0,1,0,0,0,0,0,0,0,1
"#edibles #cbdoil #prerolls #cannabis  #vapejuice #cannabiscommunity Organic CBD Matcha Green Tea
Unimposing yet statement-making, our CBD Matcha Green Tea takes you on a silky journey through enlightened realms of pleasure. Sourced https://t.co/OxcWiB32Oo #cbdedibles #delta8 https://t.co/wInAnlQ9Vk",cbd,32586,1.43E+18,CBDSmokeShop,"hashtag standalone, food/bev","edible, beverage, pleasure","product advertising, hashtag standalone and in post",1,1,0,0,1,1,0,0,0,0,0,0,0,0,0,1,1,0,0,0,1,1,1,0,0,1,1,0,0,0,0,1,0,0,0,0,0,0,0,0,0,1
"#edibles #cbdoil #prerolls #cannabis  #vapejuice #cannabiscommunity Canna River Premium Hemp Flower in 7 gram jars. Each strain is Third-Party tested and COAs are available. Terpene rich strains available: Sweet Wife, Special Sauce, https://t.co/8oM0r8q9aX #cbdedibles #delta8 https://t.co/Xckwb6uAlu",cbd,32586,1.41E+18,CBDSmokeShop,"hashtag standalone, flower, sale","amount of drug, flower, tested, variety","not mentioned in post, hashtag standalone",1,1,0,0,0,0,0,1,0,0,0,1,1,0,0,0,0,0,0,1,1,1,1,0,0,0,0,0,1,0,0,0,0,1,0,0,0,0,0,0,0,1
"#edibles #cbdoil #prerolls #cannabis  #vapejuice #cannabiscommunity CBD Oil Hand &amp; Body Lotion. There‚Äôs no better way to pamper your skin than with the all-natural silky smoothness of CBD Oil Biotech Hand &amp;amp; Body Lotion, infused https://t.co/ElHsK07rUg #cbdedibles #delta8 https://t.co/DwIXcl8RJm",cbd,32586,1.41E+18,CBDSmokeShop,"hashtag standalone, lotion, sale","lotion, natural","hashtag standalone, product advertising",1,1,0,0,1,0,0,0,1,0,0,0,0,0,0,0,0,0,0,0,1,1,1,0,0,1,0,0,0,1,0,0,0,0,0,0,0,1,0,0,0,1
Calm the mind and float through your day with a healthy dose of 25mg of Delta-8 THC in each individual Peanut Butter Nugget! #peanutbutter #relief #THC #delta8 #cbd #thcnuggets #peanutbutternuggets #TriHealthy #THCPeanutButter https://t.co/45ywpCkHis,cbd,32586,1.36E+18,Tri-Healthy CBD,"hashtag standalone, food/bev, sale","calm, amount of drug, edible, savory","hashtag standalone, product advertising",0,1,0,1,0,1,0,0,0,1,0,0,1,0,1,1,0,0,0,0,1,0,1,0,0,0,1,0,0,0,1,1,0,1,0,1,0,0,0,0,0,1
"#edibles #cbdoil #prerolls #cannabis  #vapejuice #cannabiscommunity CBD Peanut Butter - 500mg

Add the delicious experience of Yum Yum‚Äôs CBD Peanut Butter with 500mg of CBD in an 8oz package! Savor the experience of adding https://t.co/5Bfg0JbEqs #cbdedibles #delta8 https://t.co/MbKAoPgXtH",cannabis,19168,1.41E+18,CBDSmokeShop,"hashtag standalone, sale","edible, savory, amount of drug, delicious","not mentioned in post, community, hashtag standalone",1,,,1,,,,,,,,,,,,,,,,,1,1,1,0,1,0,1,0,0,0,0,1,0,1,0,0,0,0,0,0,0,1
I am legit goneeeeeeee. #edibles #DELTA8 #CannabisCommunity #cannabismedicinal #cannabisindustry #incredible #flyhigh #foodie #foodplay #foodfetish #ONLYFANSCOLLECTIONS #onlyfansmodels #sellingcontent #tuesdayvibe #tuesdaymotivations #onlyfansnewb #OnlyFansTH https://t.co/ccNtMhhGJW,cannabis,19168,1.42E+18,Carlyyy420,hashtag standalone,"high, edible","not mentioned in post, community, hashtag standalone",0,0,0,0,0,1,0,0,0,1,0,0,0,0,0,1,0,0,0,0,1,0,0,0,0,0,0,0,0,0,0,0,0,0,0,0,1,0,0,0,0,1
"#edibles #cbdoil #prerolls #cannabis  #vapejuice #cannabiscommunity Tommy Chong's Nano Energy Tincture¬†is formulated to help you feel energized. Calm and focused all day no matter what.

Tommy Chong's CBD is sourced from the best https://t.co/9RfprQttxZ #cbdedibles #delta8 https://t.co/6yDNISIfn4",cannabis,19168,1.42E+18,CBDSmokeShop,hashtag standalone,"energy, tincture, calm, focus","not mentioned in post, community, hashtag standalone",1,1,0,0,0,1,0,0,0,0,0,0,0,0,1,1,0,0,0,0,1,1,1,0,0,0,1,0,0,0,0,0,0,0,0,1,0,0,0,0,0,1
"How hemp multi+ Is Formulated To Balance Mood &amp; Outlook
#sbreezeco #cbd #cbg #delta8 #cannabis #hemp #cannahealth https://t.co/kFXCWzSYHK",cannabis,19168,1.38E+18,üí®SummerBreezecoüåû,"hashtag standalone, health claims","formula, mood, balance","not mentioned in post, hashtag standalone",0,0,0,0,0,0,0,0,0,0,0,0,0,0,1,0,0,0,0,0,1,0,0,0,0,0,0,0,0,0,0,0,0,0,0,1,0,0,0,0,0,1
"Be proud of it!
.
.
.
.
.
.
#delta8 #hempproducts #delta8thc #kacha #hempoil #thcoil #cannabisdeals #thclife #livecolorfully https://t.co/1UpB1HnV6x",cannabis,19168,1.42E+18,Kacha Hemp,hashtag standalone,proud,"not mentioned in post, hashtag standalone",0,1,0,0,0,0,0,0,0,0,0,0,0,0,0,0,0,0,0,0,1,0,1,0,0,0,0,0,0,0,0,0,0,0,0,0,0,0,0,0,0,1
"#edibles #cbdoil #prerolls #cannabis  #vapejuice #cannabiscommunity Hemp Roast, Full Spectrum CBD Coffee 8 oz
This bag of Hakuna ‚ÄúAwaken‚Äù Hemp Roast full spectrum CBD coffee. Contains 8oz of ground beans infused with a full https://t.co/EMeNGSs02a #cbdedibles #delta8 https://t.co/QabzMYccIP",edibles,17956,1.41E+18,CBDSmokeShop,"hashtag standalone, sale, food/bev","edible, drink","product advertising, hashtag standalone ",1,0,0,0,0,1,0,0,0,0,0,0,1,0,0,0,0,0,0,0,1,1,1,0,0,0,1,0,0,0,0,0,0,1,0,0,0,0,0,0,0,1
#edibles #cbdoil #prerolls #cannabis  #vapejuice #cannabiscommunity Full Spectrum CBD Infused Watermelon Slices use natural CBD hemp extract and deliver yummy CBD gummy taste. CBD Gummies are the #1 choice for many people wanting to https://t.co/HdHHbzQelL #cbdedibles #delta8 https://t.co/9iuI83FMfN,edibles,17956,1.41E+18,CBDSmokeShop,"hashtag standalone, sale, food/bev","edible, fruit, flabor, natural, yummy, gummy, #1","product advertising, hashtag standalone",1,1,0,0,0,1,0,0,0,0,1,0,0,0,0,0,1,0,1,0,1,1,1,0,1,0,1,0,0,0,0,1,0,0,0,0,0,1,0,1,0,1
"#edibles #cbdoil #prerolls #cannabis  #vapejuice #cannabiscommunity Avid Hemp‚Äôs Summertime CBD Oil Tinctures are the SUPERIOR choice. Meticulously handcrafted with care, for one who is looking for the immense variety of health https://t.co/Sew5GFiD8R #cbdedibles #delta8 https://t.co/tSL9Na23G5",edibles,17956,1.40E+18,CBDSmokeShop,"hashtag standalone, tinctures, sale","tincture, superior, handmade, health","not mentioned in post, hashtag standalone",1,1,0,0,0,1,0,0,0,0,0,0,0,0,1,0,0,0,0,0,1,1,1,0,0,0,0,0,0,0,0,0,0,0,0,1,0,0,0,1,0,1
"#edibles #cbdoil #prerolls #cannabis  #vapejuice #cannabiscommunity Sour Diesel Hemp Flower

 CANNABINOIDS: 15.33% CBD | 0% D-9 THC
 STRAIN TYPE: SATIVA | INDOOR
 EFFECTS: UPLIFTED, HAPPY, EUPHORIC

Sour Diesel CBD Flower: https://t.co/wHBTy6XQ16 #cbdedibles #delta8 https://t.co/m6TVXRuBnX",edibles,17956,1.42E+18,CBDSmokeShop,"hashtag standalone, flower","flower, amount of drug, strain, variety, happy","not mentioned in post, hashtag standalone",1,1,0,0,0,0,0,1,0,0,0,0,1,0,0,1,0,0,0,0,,1,1,0,0,0,0,0,1,0,0,0,0,1,0,1,1,0,0,0,0,1
"#edibles #cbdoil #prerolls #cannabis  #vapejuice #cannabiscommunity R.A. Royal Gummies ‚Äì 300MG CBD Infused Sour Bears
CBD Gummies are the #1 CBD choice for many people wanting to take CBD oil (cannabidiol). R.A. Royal Gummies 300mg https://t.co/bCzuuR60vf #cbdedibles #delta8 https://t.co/0nR3FiGfbk",edibles,17956,1.43E+18,CBDSmokeShop,"hashtag standalone, sale, food/bev","edible, gymmy, flavor, sour, #1","product advertising, hashtag standalone",1,1,0,0,0,1,0,0,0,0,0,0,1,0,0,0,0,0,1,0,1,1,1,0,1,0,1,0,0,0,0,1,0,1,0,0,0,0,0,1,0,1
#edibles #cbdoil #prerolls #cannabis  #vapejuice #cannabiscommunity Full Spectrum CBD Infused Watermelon Slices use natural CBD hemp extract and deliver yummy CBD gummy taste. CBD Gummies are the #1 choice for many people wanting to https://t.co/HdHHbzQelL #cbdedibles #delta8 https://t.co/51uLniA9Ef,cbdoil,17504,1.41E+18,CBDSmokeShop,"hashtag standalone, sale, food/bev","edible, flavor, fruit, natural, yummy, #1","not mentioned in post, hashtag standalone",,,,1,,,,,,,,,,,,,,,,,1,1,1,0,1,0,1,0,0,0,0,1,0,0,0,0,0,0,0,1,0,1
"#edibles #cbdoil #prerolls #cannabis  #vapejuice #cannabiscommunity REDUCE LDL CHOLESTEROL NATURALLY (IN JUST 10 DAYS) // Want to lower LDL #cholesterol levels? In this video I will show you how to lower your LDL ...
source https://t.co/IRYy4Z5dy3 #cbdedibles #delta8 https://t.co/GbWlgS4nue",cbdoil,17504,1.44E+18,CBDSmokeShop,"hashtag standalone, health claims ",reduced cholesterol,"not mentionre in post, hashtag standalone",1,1,0,0,0,0,0,0,0,0,0,0,0,0,1,0,0,0,0,0,1,1,1,0,0,0,0,0,0,0,0,0,0,0,0,1,0,1,0,0,0,1
"#edibles #cbdoil #prerolls #cannabis  #vapejuice #cannabiscommunity Persian Tea CBD Vape Oil E-Juice 30ML

A mellow black tea flavored CBD vape juice is infused with our custom blend proprietary cbd formula to deliver the best cbd https://t.co/P7BTAO5x6j #cbdedibles #delta8 https://t.co/lL9mvkkJJP",cbdoil,17504,1.41E+18,CBDSmokeShop,"hashtag standalone, vape, sale","vape, amount of drug, flavor, custom, best","not mentioned in post, hashtag standalone",1,1,0,0,1,0,1,0,0,0,1,0,1,0,0,0,0,0,0,0,1,1,1,0,0,0,0,1,0,0,0,1,0,1,0,0,0,0,0,0,0,1
"We have
¬†Delta 8 #thc! It's legal! https://t.co/j7CoovMIpg use my #couponCode MASSWON for 10% off &amp; #freeShipping

#delta8thc #delta8
#cbd #hempoil #cbdvape #vapingcbd #stress #stressrelief #reviewcbd #cbdreviews #cbd #cbdterps #cbdterpenes #cbdoil #mrbeast https://t.co/9og72lZIPb",cbdoil,17504,1.40E+18,CBD BEAST,"hashtag standalone, sale, legality","availability, legal status, coupon","not mentioned in post, hashtag standalone",0,1,0,0,0,0,1,0,0,1,0,0,0,1,1,0,0,1,0,1,1,0,1,0,0,0,0,0,0,0,1,0,0,0,1,0,0,0,0,0,1,1
"Yo. Dudes and dudettes we have
¬†Delta 8 #thc! It's legal! https://t.co/jR9YYiAuhZ use my #couponCode MASSWON for 10% off &amp; #freeShipping

#delta8thc #delta8
#cbd #hempoil #cbdvape #vapingcbd #stress #stressrelief #reviewcbd #cbdreviews #cbd #cbdterps #cbdterpenes #cbdoil #mrbeast https://t.co/BmBIAKbYqj",cbdoil,17504,1.41E+18,Mass One,"hashtag standalone, sale","availability, legal status, coupon","not mentioned in post, hashtag standalone",0,1,0,0,0,0,1,0,0,1,0,0,0,1,1,0,0,1,0,1,1,0,1,0,0,0,0,0,0,0,1,0,0,0,1,0,0,0,1,0,1,1
"#edibles #cbdoil #prerolls #cannabis  #vapejuice #cannabiscommunity This Spearmint CBD vape juice liquid blend comes in various strengths of 250mg, 500mg, 1000mg and 2000mg, and features a refreshing spearmint flavor profile. Delicious https://t.co/JEgvjBCCAB #cbdedibles #delta8 https://t.co/fJAbJSqacY",cannabiscommunity,17467,1.43E+18,CBDSmokeShop,"hashtag standalone, sale, vape","vape, flavor, amount of drug, delicious","not mentioned in post, hashtag standalone, community",1,1,0,0,0,0,1,0,0,0,1,0,1,0,0,0,0,0,0,0,1,1,1,0,1,0,0,1,0,0,0,1,0,1,0,0,0,0,0,0,0,1
"#edibles #cbdoil #prerolls #cannabis  #vapejuice #cannabiscommunity V'Nilla Cream by Tinted Brew Liquid Co.- 60ml

V'Nilla Cream (formerly V'Nilla Cookies and Milk) s a deliciously rich Vanilla Wafer cookie dipped in a cold glass of https://t.co/fDR3aYgPmQ #cbdedibles #delta8 https://t.co/stDJzJ0Ked",cannabiscommunity,17467,1.41E+18,CBDSmokeShop,"hashtag standalone, sale, vape","edible, liquid, amount of drug, delicous","not mentioned in post, hashtag standalone, community",1,1,0,0,0,0,1,0,0,0,1,0,1,0,0,0,0,0,0,0,1,1,1,0,0,0,1,0,0,0,0,1,0,1,0,0,0,0,0,0,0,1
#edibles #cbdoil #prerolls #cannabis  #vapejuice #cannabiscommunity It‚Äôs like a buzz from the ice cream man with Orange Creamsicle CBD Gummies flavored Delta-8 THC Bites. It‚Äôs a delicious Orange Creamsicle gummy infused with Delta-8 https://t.co/GqLqJzFwXh #cbdedibles #delta8 https://t.co/PnBuBKQYX8,cannabiscommunity,17467,1.41E+18,CBDSmokeShop,"hashtag standalone, sale, food/bev","edible, flavor, delicous","not mentioned in post, hashtag standalone, community",1,1,0,0,0,1,0,0,0,1,1,0,0,0,0,1,0,0,0,0,1,1,1,0,1,0,1,0,0,0,1,1,0,0,0,0,0,0,0,0,0,1
#edibles #cbdoil #prerolls #cannabis  #vapejuice #cannabiscommunity A simple recipe for CBD and/or THC gummies 2 small (4 serving) or one large (8 serving) prepared gelatine - I used a big box of strawberry jell-o. 3T gelatin 1/2 ... https://t.co/AVCM6Ibzen #cbdedibles #delta8 https://t.co/4O4bK3Y8YX,cannabiscommunity,17467,1.44E+18,CBDSmokeShop,"hashtag standalone, sale, food/bev","recipe, amount of drug","not mentioned in post, hashtag standalone, community",1,1,0,0,0,1,0,0,0,0,1,0,0,0,0,0,0,0,0,0,1,1,1,0,0,0,1,0,0,0,0,1,0,1,0,0,0,0,0,0,0,1
"#edibles #cbdoil #prerolls #cannabis  #vapejuice #cannabiscommunity Koi CBD Soft Chews

Share the health benefits of CBD with your dog¬†with the Koi CBD Soft Chews!

The Koi CBD Soft Chews give your pet exactly what they deserve https://t.co/JkCnsiOYsJ #cbdedibles #delta8 https://t.co/WB9FG8gQFA",cannabiscommunity,17467,1.41E+18,CBDSmokeShop,"hashtag standalone, sale, food/bev","pet, edible, health","not mentioned in post, hashtag standalone, community",1,1,0,0,0,0,0,0,0,0,0,0,0,0,0,0,0,0,0,0,1,1,1,0,0,0,1,0,0,0,0,0,0,0,0,1,0,0,0,0,0,1
"#edibles #cbdoil #prerolls #cannabis  #vapejuice #cannabiscommunity Beard Vape Co No. 71 - Sweet &amp; Sour Sugar Peach (60ml)

Sour¬†candy¬†lovers rejoice!¬†Beard Vape Company¬†has created the stand out flavor called No. 71¬†e-liquid. https://t.co/Waq3K5z0tQ #cbdedibles #delta8 https://t.co/etLbGFURXV",prerolls,16739,1.41E+18,CBDSmokeShop,"hashtag standalone, sale, vape","vape, flavor, sour","not mentioned in post, hashtag standalone",1,1,0,0,0,0,1,0,0,0,1,0,1,0,0,0,0,0,0,0,1,1,1,0,0,0,0,1,0,0,0,1,0,0,0,0,0,0,0,0,0,1
"#edibles #cbdoil #prerolls #cannabis  #vapejuice #cannabiscommunity Our all-natural hemp oil salve contains 600mg full spectrum CBD and 100% organic ingredients. Including olive oil, coconut oil, and beeswax. No artificial ingredients https://t.co/Ly8mzBrY46 #cbdedibles #delta8 https://t.co/MeyvWL5Y0Q",prerolls,16739,1.43E+18,CBDSmokeShop,"hashtag standalone, sale, lotion","salve, organic","not mentioned in post, hashtag standalone",1,1,0,0,0,0,0,0,1,0,0,0,1,0,0,0,1,0,0,0,1,1,1,0,0,0,0,0,0,1,0,0,0,1,0,0,0,1,0,0,0,1
#edibles #cbdoil #prerolls #cannabis  #vapejuice #cannabiscommunity Chill Plus Full Spectrum Delta-8 CBD Oil - 1000X -¬† Now you can chill like never before with Delta-8 and finally see what all of the BUZZ is about. Delta Force CBD Oil https://t.co/8ZNCX8SNnm #cbdedibles #delta8 https://t.co/xAfFVVV6IM,prerolls,16739,1.41E+18,CBDSmokeShop,"hashtag standalone, sale","oil, chill, buzz","not mentioned in post, hashtag standalone",1,1,0,0,0,0,1,0,0,1,0,0,0,0,0,1,0,0,0,0,1,1,1,0,1,0,1,0,0,0,0,0,0,1,0,1,1,0,0,0,0,1
#edibles #cbdoil #prerolls #cannabis  #vapejuice #cannabiscommunity Take a wild trip to the islands and feel the buzz with Delta 8 CBD Mango Gummies. It‚Äôs a delicious Mango gummy infused with Delta-8 THC. Enjoy the flavor of Mango https://t.co/NYBSB8Dmky #cbdedibles #delta8 https://t.co/4NFDVuDuHP,prerolls,16739,1.42E+18,CBDSmokeShop,"hashtag standalone, sale, food/bev","buzz, gummy, fruit, flavor, delicious, edible","not mentioned in post, hashtag standalone",1,1,0,0,0,1,0,0,0,1,1,0,0,0,0,1,0,0,0,0,1,1,1,0,1,0,1,0,0,0,0,1,0,0,0,0,1,0,0,0,0,1
RT @CBDSmokeShop: #edibles #cbdoil #prerolls #cannabis  #vapejuice #cannabiscommunity Take two CBD Delta-8 Poppin Gel capsules and call us‚Ä¶,prerolls,16739,1.43E+18,BestCBDOrganic,"hashtag standalone, sale, capsules","capsule, edible","not mentioned in post, hashtag standalone",1,1,1,0,0,1,0,0,0,1,0,0,0,0,0,0,0,0,0,0,0,0,1,1,0,0,1,0,0,0,0,0,0,0,0,0,0,0,0,0,0,0
"#edibles #cbdoil #prerolls #cannabis  #vapejuice #cannabiscommunity Full Spectrum Softgels Capsules. With CBD hemp oil having a taste that can be difficult to swallow for some individuals, people looking for alternative methods to get https://t.co/4So23Oh4WR #cbdedibles #delta8 https://t.co/dqrShDQfYe",vapejuice,16612,1.41E+18,CBDSmokeShop,"hashtag standalone, sale, capules","capsule, taste, alternative","not mentioned in post, hashtag standalone",1,1,0,0,0,1,0,0,0,0,0,0,0,0,0,0,0,0,0,0,1,1,1,0,0,0,1,0,0,0,0,0,0,0,0,0,0,0,0,0,0,1
"#edibles #cbdoil #prerolls #cannabis  #vapejuice #cannabiscommunity CBD Nighttime Capsules 1,000mg 60 Ct. Avid Hemp‚Äôs 1,000mg CBD Nighttime Capsules provide a full spectrum profile. Of all cannabinoids and terpenes naturally found https://t.co/OkMkv2zpz9 #cbdedibles #delta8 https://t.co/tyTPYLujJA",vapejuice,16612,1.42E+18,CBDSmokeShop,"hashtag standalone, sale, capsules","capsule, sleep, natural","not mentioned in post, hashtag standalone",1,1,0,0,0,1,0,0,0,0,0,0,1,0,0,0,1,0,0,0,1,1,1,0,1,0,1,0,0,0,0,0,0,1,0,0,0,0,0,0,0,1
"#edibles #cbdoil #prerolls #cannabis  #vapejuice #cannabiscommunity Relax Vape Liquid [12ml] Strawberry

Relax Liquid CBD Vape Liquid Strawberry Flavor [12ml] is the CBD vape liquid for relaxation made from organic CBD hemp oil. https://t.co/dg3R3UtyIw #cbdedibles #delta8 https://t.co/vowalV9ZeO",vapejuice,16612,1.41E+18,CBDSmokeShop,"hashtag standalone, sale, vape","relax, vape, fruit, flavor, organic","product advertising, hashtag standalone",1,1,0,0,1,0,1,0,0,0,1,0,1,0,0,1,1,0,0,0,1,1,1,0,0,1,0,1,0,0,0,1,0,0,0,1,0,1,0,0,0,1
RT @CBDSmokeShop: #edibles #cbdoil #prerolls #cannabis  #vapejuice #cannabiscommunity Urgent CBD Pain Cream - Whether you‚Äôre throwing touch‚Ä¶,vapejuice,16612,1.43E+18,üü¢EndTheParanoiaüü¢,"hashtag standalone, sale, lotion","pain, cream","not mentioned in post, hashtag standalone",1,1,1,0,0,0,0,0,1,0,0,0,0,0,1,0,0,0,0,0,0,0,0,1,0,0,0,0,0,1,0,0,0,0,0,1,0,0,0,0,0,0
"#edibles #cbdoil #prerolls #cannabis  #vapejuice #cannabiscommunity Cherry Bomb ‚Äì CBD Vape Juice - This CBD vape juice liquid blend comes in various strengths of 250mg, 500mg, 1000mg and 2000mg, and features a delicious cherry flavor https://t.co/X25FNclpiN #cbdedibles #delta8 https://t.co/fPxAnB5i35",vapejuice,16612,1.42E+18,CBDSmokeShop,"hashtag standalone, sale, vape","vape, amount of drug, flavor, fruit","product advertising, hashtag standalone",1,1,0,0,1,0,1,0,0,0,1,0,1,0,0,0,0,0,0,0,1,1,1,0,1,1,0,1,0,0,0,0,0,1,0,0,0,0,0,0,0,1
"#edibles #cbdoil #prerolls #cannabis  #vapejuice #cannabiscommunity Joy Organics CBD Energy Drink Mix
Joy Organics CBD Energy Drink Mix packs are formulated to give you the focus + boost you might need to get the most out of your https://t.co/IpXH0ieeDI #cbdedibles #delta8 https://t.co/Ypkx4BkBV7",cbdedibles,15476,1.43E+18,CBDSmokeShop,"hashtag standalone, sale, food/bev","edible, drink, energy, focus",product advertising,1,1,0,0,0,1,0,0,0,0,0,0,0,0,1,0,1,0,0,0,1,1,1,0,0,0,1,0,0,0,0,0,0,0,0,0,0,1,0,0,0,1
"#edibles #cbdoil #prerolls #cannabis  #vapejuice #cannabiscommunity CBD Flower Bubba Kush 4 grams

The CBD industry has been exploding, and a product category that is beginning to get a lot of attention is smokeable CBD hemp flower! https://t.co/JlpeWqGITw #cbdedibles #delta8 https://t.co/VFvWAesvh1",cbdedibles,15476,1.41E+18,CBDSmokeShop,"hashtag standalone, sale, flower","flower, amount of drug, new",not mentioned in post,1,1,0,0,0,0,0,1,0,0,0,0,1,0,0,0,0,0,1,0,1,1,1,0,0,0,0,0,1,0,0,0,0,1,0,0,0,0,0,0,0,1
"#edibles #cbdoil #prerolls #cannabis  #vapejuice #cannabiscommunity CBD Nighttime Capsules 1,000mg 60 Ct. Avid Hemp‚Äôs 1,000mg CBD Nighttime Capsules provide a full spectrum profile. Of all cannabinoids and terpenes naturally found https://t.co/OkMkv2zpz9 #cbdedibles #delta8 https://t.co/hGtummtWBk",cbdedibles,15476,1.42E+18,CBDSmokeShop,"hashtag standalone, sale, capsules","sleep, edible, natural",product advertising,,,,1,,,,,,,,,,,,,,,,,1,1,1,0,1,0,1,0,0,0,0,0,0,1,0,0,0,1,0,0,0,1
"#edibles #cbdoil #prerolls #cannabis  #vapejuice #cannabiscommunity ORO Disposable Vape 10 Fruit Flavors

The ORO disposable vape devices are available in a range of flavor options. Including Apple Ice, Blue Raz, Frozen Banana, Lush https://t.co/eGasXIDUaX #cbdedibles #delta8 https://t.co/uzFUDL2Cbd",cbdedibles,15476,1.42E+18,CBDSmokeShop,"hashtag standalone, sale, vape","disposable, vape, fruit, flavor, ",not mentioned in post,1,1,0,0,0,0,1,0,0,0,1,0,0,0,0,0,0,0,0,1,1,1,1,0,1,0,0,1,0,0,0,1,0,0,0,0,0,0,0,0,0,1
"#edibles #cbdoil #prerolls #cannabis  #vapejuice #cannabiscommunity SWFT BAR DISPOSABLE VAPE

The SWFT Bar¬†disposable vape devices¬†provide a variety of flavor options like Guava Berry Ice to Watermelon Ice

The device¬†provides https://t.co/AXIPUl04wc #cbdedibles #delta8 https://t.co/I9QaK5ZfeG",cbdedibles,15476,1.43E+18,CBDSmokeShop,"hashtag standalone, sale vape","disposable, vape, flavor, fruit",not mentioned in post,1,1,0,0,0,0,1,0,0,0,1,0,0,0,0,0,0,0,0,0,1,1,1,0,1,0,0,1,0,0,0,1,0,0,0,0,0,0,0,0,0,1
"üî• #STAYLIT üî•
TAKE 10% OFF TODAY WITH CODE: SPRING
https://t.co/5HYOMDPSwt

#delta8 #cbd #cbn #cbg #cannabis #vapedeal #vaping #ccell #vaporjoes #vapingunderground #singlesource #singlesourced #mmj #hemp #hempnation #hempfarm #hemplife #hemplyfe #hempire https://t.co/AL0cVzdCgN",hemp,8786,1.38E+18,Single Source,"hashtag standalone, sale",coupon,,0,1,0,0,0,0,0,0,0,0,0,0,0,1,0,0,0,0,0,0,1,0,1,0,0,0,0,0,0,0,0,0,0,0,1,0,1,0,0,0,0,1
"Tincture &amp; Edibles SALE! Take 25% off NOW thru Sunday with code ""YUMMY"". All Delta 8 and CBD Tinctures &amp; Edibles are included ---&gt; https://t.co/qCbxlsL2Ns

#CBD #CBDedibles #cbdtinctures #delta8 #d8thc #edibles #tinctures #boston #hempire #onlinedispensary #dispensary #sale https://t.co/WFt8tG7s2m",hemp,8786,1.35E+18,Boston Hempire,"hashtag standalone, ""hempire"", sale, food/bev","coupon, yummy, tincture, edible","not mentioned in post, hashtag standalone",0,1,0,0,0,1,0,0,0,1,0,0,0,1,0,0,0,0,0,0,1,0,1,0,0,0,1,0,0,0,0,0,0,0,1,0,0,0,0,0,0,1
"Delta 8 Gorilla Glue Review from Brewton, Al. The Whatever Guy! https://t.co/CwtNEjBjWI via @YouTube 

#brewtonal #gorillaglue #delta8 #delta8effects #delta8gummies #delta8cartridges #delta8flower #cbd #hemp #delta8tincture #delta8softgels #delta8preroll #delta8review",hemp,8786,1.38E+18,thewhateverguy,"hashtag standalone, review",review,"not mentioned in post, hashtag standalone",0,0,0,0,0,0,0,0,0,1,0,0,0,0,0,0,0,0,0,0,1,0,0,0,0,0,0,0,0,0,1,0,0,0,0,0,0,0,0,0,0,1
"Our New &amp; Improved Delta 8 Gummies! 25mg of Delta 8 per Gummy!

üçè - #lime
üíö - #squaregummies
üî• - #delta8thc

#ghostvapors #delta8 #cbd #cbg #hemp #gummies #delta8edibles #edibles #hemplife https://t.co/dmXF8Q3Knn",hemp,8786,1.40E+18,Ghost Vapors,"hashtag standalone, sale, food/bev","new, improved, amount of drug, flavor, fruit, gummy","not mentioned in post, hashtag standalone",0,1,0,0,0,1,0,0,0,1,1,0,1,0,0,0,0,0,0,0,1,0,1,0,0,0,1,0,0,0,1,1,0,1,0,0,0,0,0,0,1,1
MediPets CBD Cat Treats - Adult Dental Catnip Flavor - 200mg https://t.co/ZWjmXfMS61 #delta8 #Hempwerks #hempwerkscbd #cbd #kratom https://t.co/TNZm7mBRpU,hemp,8786,1.41E+18,hempwerks,"hashtag standalone, sale, pet","edible, pet, dental","not mentioned in post, hashtag standalone",0,1,0,0,0,0,0,0,0,0,0,0,1,0,0,0,0,0,0,0,1,0,1,0,1,0,1,0,0,0,0,1,0,1,0,1,0,0,0,0,0,1
"RT @MizTeeFranklin: TW: #Delta8 weed
.
.
.
.

@moonwlkrthc #420sale ends at midnight. Grab 4 bottles of gummies for the price of 3 OR grab‚Ä¶",thc,7292,1.38E+18,‚ôøÔ∏èTEE FRANKLIN HARLEY QUINN WRITER,"account name, sale, food/bev","sale, gummy",username,0,0,1,0,0,1,0,0,0,1,0,0,0,1,0,0,0,0,0,0,0,0,0,1,0,0,1,0,0,0,0,0,0,0,1,0,0,0,0,0,0,0
"Next Week.... Moon Rocksüë®‚ÄçüöÄüåéüöÄ

#moonmen
#delta8thc 
#delta8
#hemp
#cbd
#delta8flower 
#moonrocks 
#hempflower
#smokeshop
#smokeshops
#thc
#thclife
#thcinfused https://t.co/f5JOZ8ih2d https://t.co/U7dO7FSPh8",thc,7292,1.38E+18,Moon Men Hemp,hashtag standalone,coming soon,hashtag standalone ,0,1,0,0,0,0,0,1,0,0,0,0,0,0,0,0,0,0,0,0,0,0,1,0,0,0,0,0,1,0,0,0,0,0,0,0,0,0,0,0,1,1
"RT @SBreezeco: Local medical hemp business selling ‚ÄòDelta 8,‚Äô but what is it?
#delta8 #sbreezeco #cbd #cannafam #spreadlove #thc https://t.‚Ä¶",thc,7292,1.37E+18,JoshuaTree420üå≤ü§ü,"hashtag standalone, news","information, availability",hashtag standalone,0,1,1,0,0,0,0,0,0,1,0,0,0,0,0,0,0,0,0,0,1,0,0,1,0,0,0,0,0,0,1,0,1,0,0,0,0,0,0,0,0,1
"Stay informed on Delta-8 news: Loopholes and Red Tape. Find out the status of Delta-8 THC‚Äôs availability in the United States.

Read More Here:
https://t.co/yhoxV8Dm31

#delta8 #thc #cbd #hemp #cannabis #cannabiscommunity #hempflower #cannabinoids #bhfyp #regulation #loopholes",thc,7292,1.41E+18,TruSource Hemp Group,"delta 8 thc, legal, news","information, legal status","used in post, hashtag standalone",0,1,0,0,1,0,0,0,0,1,0,0,0,0,0,0,0,1,0,0,1,0,1,0,0,0,0,0,0,0,1,0,1,0,0,0,0,0,1,0,0,1
RT @trihealthcbd: On May 29th from 10AM to 4PM we will be attending the Newton Falls Craft &amp; Farmers Market with a variety of CBD and Delta‚Ä¶,thc,7292,1.40E+18,üí®SummerBreezecoüåû,"account name, event","coming soon, event, variety",username,0,1,1,0,0,0,0,0,0,1,0,0,0,0,0,0,0,0,0,1,1,0,0,1,0,0,0,0,0,0,1,0,0,0,0,0,0,0,0,0,0,0
"#edibles #cbdoil #prerolls #cannabis  #vapejuice #cannabiscommunity Interested in the very best CBD gummies for 2021? You're not alone. Use and availability of CBD has been growing both in the U.S. and around the globe, and ...
source https://t.co/JDuW9y1dvC #cbdedibles #delta8 https://t.co/VxLvpJS2Oy",delta,6651,1.43E+18,CBDSmokeShop,"hashtag standalone, news","gummy, edible, best, availability",not mentioned in post,1,1,1,0,0,1,0,0,0,0,0,0,0,0,0,0,0,0,1,1,1,1,1,0,0,0,1,0,0,0,0,0,0,0,0,0,0,0,0,0,0,1
"https://t.co/oZxrrwCHxI is giving away a Playstation 5!
https://t.co/ZextpAUK2v
#delta8 #yodelta #ps5 https://t.co/OB708N6nFN
#giveaway ,#GiveawayAlert #contest",delta,6651,1.42E+18,eriz Mart√≠nez,"hashtag standalone, company name, giveaway",giveaway,"not mentioned in post, hashtag standalone",0,0,0,0,0,0,0,0,0,0,0,0,0,1,0,0,0,0,0,0,1,0,0,0,1,0,0,0,0,0,0,0,0,0,0,0,0,0,0,0,0,1
"Have you tried our infused peanut butter yet?

#hemp #cbd #delta8 #cannabinoids #hemphelps #fullspectrum #snapdragon #tennesee #chattanooga #eastridge #hixson #harrison #delta8honey #delta8edibles #infusedcreations #cbdoil #hightimes #leafly #weedmaps #dabs #concentrate https://t.co/TcxGArUad5",delta,6651,1.42E+18,Snapdragon Hemp,"hashtag standalone, delta8, delta8honey, sale, food/bev","try, edible, savory","not in post, hashtag standalone",0,1,0,0,0,1,0,0,0,1,0,0,0,0,0,0,0,0,0,0,1,0,1,0,0,0,1,0,0,0,0,0,0,0,0,0,0,0,0,0,0,1
"#edibles #cbdoil #prerolls #cannabis  #vapejuice #cannabiscommunity Mighty Vaporizer, which is a continuation of the smaller Crafty model that packs an even bigger punch than its sibling. With an increased battery capacity and other https://t.co/kJFlYrZVdw #cbdedibles #delta8 https://t.co/inJJAMItQQ",delta,6651,1.40E+18,CBDSmokeShop,"hashtag standalone, sale, vape","vape, big, battery","not in post, hashtag standalone",1,1,0,0,0,0,1,0,0,0,0,0,0,0,0,0,0,0,0,0,1,1,1,0,0,0,0,1,0,0,0,0,0,0,0,0,0,0,0,0,0,1
RT https://t.co/PikCNqTPeZ Metrix 650mAh VV 510 Thread CE3 Battery With USB Charger https://t.co/SiawRskAlO #Hempwerks #kratom #delta8 #cbd #hempwerkscbd https://t.co/05H35cz83O,delta,6651,1.41E+18,Victor M. Cartwright,"hashtag standalone, sale, vape","batter, charger, vape","not in post, hashtag standalone",0,0,1,0,0,0,0,0,0,0,0,0,0,0,0,0,0,0,0,0,1,0,0,1,0,0,0,1,0,0,0,0,0,0,0,0,0,0,0,0,0,1
"Delta 8 gummies, aka the breakfast of champions, available now at @hgdnola #highgrounddispensary #hgdnola #herbimport #herbimportnola #hemp #hempforheath #delta8 https://t.co/xCp32YnqBt",gummies,6458,1.33E+18,The Herb Import Co.,"product, sale, food.bev","gummy, edible, availability",in post,0,1,0,0,1,1,0,0,0,1,0,0,0,0,1,0,0,0,0,1,1,0,1,0,0,1,1,0,0,0,1,0,0,0,0,0,0,0,0,1,1,1
"#edibles #cbdoil #prerolls #cannabis  #vapejuice #cannabiscommunity CBD Edible Gummy Bears

Made with CBD Hemp Extract oil sourced from organically grown hemp, our CBD Hemp Extract oil infused gummies are a great choice for daily https://t.co/VlzFRgid6p #cbdedibles #delta8 https://t.co/qqgEXaDAzz",gummies,6458,1.42E+18,CBDSmokeShop,"product, sale, food.bev","edible, gymmy, organic, oil",in post,1,1,0,0,1,1,0,0,0,0,0,0,0,0,0,0,1,0,0,0,1,1,1,0,1,1,1,0,0,0,0,0,0,0,0,0,0,1,0,0,0,1
"!!!NEW BLOG POST!!!!
https://t.co/sSvzBJu9ib

#cbd #cbdbenefits #cbdoil #cbdandchill #cbdhealth #cbdflower #cbdfullspectrum #cbdlife #cbdforanxiety #cbdcommunity #cbdproducts #cbdforpets #cbdwellness #cbdedibles #cbdbusiness #cbdforthepeople #cbdgummies #cbdt #hemp #delta8 #thc https://t.co/LK9R3W5hAX",gummies,6458,1.40E+18,Magic Weed Amsterdam,"cbdgummies, hashtag standalone, ",blog,hashtag standalone,0,1,0,0,0,0,0,0,0,0,0,0,0,0,1,0,0,0,0,0,1,0,0,0,0,0,0,0,0,0,0,0,0,0,0,0,0,0,0,0,0,1
"#edibles #cbdoil #prerolls #cannabis  #vapejuice #cannabiscommunity These top rated CBD gummies are popular for a great reason! Not just do they provide therapeutic benefits, they are a very enjoyable traditional sweet snack ...
source https://t.co/MwUUePbhzJ #cbdedibles #delta8 https://t.co/i84BViryiA",gummies,6458,1.43E+18,CBDSmokeShop,"product, sale, health benefits, food/bev","top rated, popular, gummy, edible, therapy, sweet",In post,1,1,0,0,1,1,0,0,0,0,1,0,0,0,1,0,0,0,1,0,1,1,1,0,0,1,1,0,0,0,0,1,0,0,0,1,0,0,0,1,0,1
RT @WarningBrand: Delta-8 Gummies coming very soon.  These are so damn good that we cant wait to share with you. #delta8 #delta8gummies #cbd,gummies,6458,1.44E+18,GetStonedTalkSports,"product, sale, food.bev","coming soon, gummy, edible, good",in post and hashtag standalone,0,0,1,0,1,1,0,0,0,1,0,0,0,0,0,0,0,0,0,0,0,0,0,1,0,1,1,0,0,0,1,0,0,0,0,0,0,0,0,0,0,0
"#edibles #cbdoil #prerolls #cannabis  #vapejuice #cannabiscommunity Josh Wolf can't handle his muffins at the Fresh Faces show at the Laugh Factory in Hollywood, CA. See more exclusive stand up videos in HD quality on ...
source https://t.co/YXfVInZ7Cn #cbdedibles #delta8 https://t.co/tMsYilqtX0",vape,5799,1.44E+18,CBDSmokeShop,"hashtag standalone, event","event, funny","hashtag standalone, not in post",1,1,0,0,0,0,0,0,0,0,0,0,0,0,0,0,0,0,0,0,1,1,1,0,0,0,0,0,0,0,0,0,0,0,0,0,1,0,0,0,0,1
"#edibles #cbdoil #prerolls #cannabis  #vapejuice #cannabiscommunity CBD Peanut Butter - 500mg

Add the delicious experience of Yum Yum‚Äôs CBD Peanut Butter with 500mg of CBD in an 8oz package! Savor the experience of adding https://t.co/5Bfg0JtfP2 #cbdedibles #delta8 https://t.co/F99sxKNrQL",vape,5799,1.43E+18,CBDSmokeShop,"hashtag standalone, vapejuice, foodbev, sale","edible, savory, amount of drug, delicious","hashtag standalone, not In post",,,,1,,,,,,,,,,,,,,,,,,1,1,0,1,0,1,0,0,0,0,1,0,1,0,0,0,0,0,0,0,1
"#edibles #cbdoil #prerolls #cannabis  #vapejuice #cannabiscommunity CBD Gummies &amp; 1000mg Tincture Bundle
Our CBD gummies &amp; 1000mg Tincture Bundle includes our CBD gummies and your preferred flavor of our 30ml 1000mg full spectrum https://t.co/RrobgWuYvy #cbdedibles #delta8 https://t.co/h1wPm0eU6A",vape,5799,1.43E+18,CBDSmokeShop,"hashtag standalone, sale, food/bev","tincture, gummy, edible, amount of drug, flavor","not directly in post, hashtag standalone",1,1,0,0,0,1,0,0,0,0,1,0,1,0,0,0,0,0,0,0,1,1,1,0,1,0,1,0,0,0,0,1,0,1,0,0,0,0,0,0,0,1
"RT @CBDSmokeShop: #edibles #cbdoil #prerolls #cannabis  #vapejuice #cannabiscommunity Delta 8 Infused Flower Mimosa, is our premium Delta 8‚Ä¶",vape,5799,1.41E+18,BestCBDOrganic,"hashtag standalone, vapejuice, flower","flower, ","not directly in post, hashtag standalone",1,1,1,0,0,0,0,1,0,1,0,0,0,0,0,0,0,0,0,0,0,0,0,1,0,0,0,0,1,0,0,0,0,0,0,0,0,0,0,0,0,0
"#edibles #cbdoil #prerolls #cannabis  #vapejuice #cannabiscommunity R.A. Royal Sweets ‚Äì 1000x CBD Milk Chocolate Covered Almonds

R.A. Royal Sweets 1000x CBD Milk Chocolate Covered Almonds provide a natural CBD hemp extract in https://t.co/MLqRG3rP3t #cbdedibles #delta8 https://t.co/mPD9Mnmaah",vape,5799,1.41E+18,CBDSmokeShop,"hashtag standalone, vapejuice, foodbev, sale","edible, sweet, natural","not in post, hashtag standalone",1,1,0,0,0,1,0,0,0,0,0,0,1,0,0,0,1,0,0,0,1,1,1,0,1,0,1,0,0,0,0,1,0,1,0,0,0,0,0,0,0,1
"RT @cannabistest1: How to do testing with us?

All you need to do is to ship us your samples and we will test them !!!!

#hemp #cbdoil #Can‚Ä¶",oil,5631,1.35E+18,Cannabis Legion,"hashtag standalone, cbdoil, testing ",test quality,"hashtag standalone, not in post",0,1,1,0,0,0,0,0,0,0,0,1,0,0,0,0,0,0,0,0,0,0,0,1,0,0,0,0,0,0,0,0,1,0,0,0,0,0,0,0,0,0
"#edibles #cbdoil #prerolls #cannabis  #vapejuice #cannabiscommunity MARY'S NUTRITIONAL TAILS CBD TINCTURE DROPS

Available in 300 milligram doses (.5 milligrams of CBD per drop) for smaller pets and 900 milligrams for pets over 50 https://t.co/AjOkBBXzvt #cbdedibles #delta8 https://t.co/7TNybAjjCZ",oil,5631,1.42E+18,CBDSmokeShop,"hashtag standalone, sale, tincture","amount of drug, pet","hashtag standalone, not directly in post",1,1,0,0,0,0,0,0,0,0,0,0,0,0,0,0,0,0,0,1,1,1,1,0,0,0,1,0,0,0,0,0,0,1,0,0,0,0,0,0,1,1
"#edibles #cbdoil #prerolls #cannabis  #vapejuice #cannabiscommunity R.A. Royal Gummies ‚Äì 300MG CBD Infused Gummy Bananas
CBD Gummies are the #1 CBD choice for many people wanting to take CBD oil (cannabidiol). R.A. Royal Gummies https://t.co/s6ySN18Xuu #cbdedibles #delta8 https://t.co/7SVArAVW10",oil,5631,1.42E+18,CBDSmokeShop,"hashtag standalone, sale, food/bev","edible, gummy, #1",in post and hashtag standalone,1,1,0,0,1,1,0,0,0,0,1,0,1,0,0,0,0,0,1,0,1,1,1,0,1,0,1,0,0,0,0,1,0,1,0,0,0,0,0,1,0,1
#edibles #cbdoil #prerolls #cannabis  #vapejuice #cannabiscommunity Enjoy the sweet and sour punch of Delta-8 Bites Lemon Gummies. It‚Äôs a delicious Lemon gummy infused with Delta-8 THC. Enjoy the flavor of Lemon while experiencing the https://t.co/GKjra3aM6K #cbdedibles #delta8 https://t.co/2DFA1ZhNQs,oil,5631,1.43E+18,CBDSmokeShop,"hashtag standalone, sale, food/bev","edible, sweet, sour, fruit, flavor, delicous","not in post, hashtag standalone",1,1,0,0,0,1,0,0,0,1,1,0,0,0,0,0,0,0,0,0,1,1,1,0,1,0,1,0,0,0,1,1,0,0,0,0,0,0,0,0,0,1
"#edibles #cbdoil #prerolls #cannabis  #vapejuice #cannabiscommunity Gold Juice CBD Vaping Pen 0.5ml ‚Äì Royal Sweets

This is one of a kind! This vaping additive is made with premium CBD oil from 100% organic industrial hemp plants, https://t.co/0K3QmkK9XT #cbdedibles #delta8 https://t.co/MS8BtWuRda",oil,5631,1.42E+18,CBDSmokeShop,"hashtag standalone, sale, vape","unique, vape, premium, organic",in post and hashtag standalone,1,1,0,0,1,0,1,0,0,0,0,0,1,0,0,0,1,0,0,0,1,1,1,0,0,1,0,1,0,0,0,0,0,0,0,0,0,1,0,0,0,1
"#edibles #cbdoil #prerolls #cannabis  #vapejuice #cannabiscommunity CBD Edible Gummy Bears

Made with CBD Hemp Extract oil sourced from organically grown hemp, our CBD Hemp Extract oil infused gummies are a great choice for daily https://t.co/VlzFRg0BHP #cbdedibles #delta8 https://t.co/Y4rvixmp7B",infused,3399,1.40E+18,CBDSmokeShop,"cbd-infused, sale, food/bev","oil, organic, gummy, edible, daily",in post only,1,1,0,0,1,1,0,0,0,0,0,0,0,0,0,0,1,0,0,0,1,1,1,0,1,1,1,0,0,0,0,0,0,0,0,0,0,1,0,0,0,1
#edibles #cbdoil #prerolls #cannabis  #vapejuice #cannabiscommunity Chill Delta-8 Hemp Flower Lifter. Now you can enjoy whole flower hemp infused with Delta-8 THC the way it was meant to be experienced. In a sweet and sticky bud https://t.co/54ZsjwWv6a #cbdedibles #delta8 https://t.co/AwIsTBlqyQ,infused,3399,1.43E+18,CBDSmokeShop,"delta-8 infused, sale, food/bev","flower, natural, sweet, sticky",in post only,1,1,0,0,1,0,0,1,0,1,1,0,0,0,0,0,0,0,0,0,1,1,1,0,1,1,0,0,1,0,1,0,0,0,0,0,0,0,0,0,1,1
"#edibles #cbdoil #prerolls #cannabis  #vapejuice #cannabiscommunity CBD Oil Drops For Cats and Dogs Zen Pet

A perfect blend of organic olive oil infused with 125mg of cannabidiol (CBD). This mix is perfect for cats and small dogs up https://t.co/AmY8FRG6cb #cbdedibles #delta8 https://t.co/4AlyAlvyrh",infused,3399,1.41E+18,CBDSmokeShop,"cbd infused, sale, pet","oil, amount of drug, mix, pet",in post only,1,1,0,0,1,0,0,0,0,0,0,0,1,0,0,0,1,0,0,0,1,1,1,0,0,1,1,0,0,0,0,0,0,1,0,0,0,0,0,0,0,1
"#edibles #cbdoil #prerolls #cannabis  #vapejuice #cannabiscommunity Relax CBD infused Peach Ring Gummies 100mg are natural, THC free edibles sourced from industrial hemp. Add these premium consumables infused with CBD from organic hemp https://t.co/D63owvtNbX #cbdedibles #delta8 https://t.co/NSDGj7jrvs",infused,3399,1.41E+18,CBDSmokeShop,"cbd infused, sale, food/bev","relax, fruit, edible, gummy, natural, organic",in post only,1,1,0,0,1,1,0,0,0,0,1,0,1,0,0,0,1,0,0,0,1,1,1,0,0,1,1,0,0,0,0,0,0,1,0,0,0,1,0,0,0,1
#edibles #cbdoil #prerolls #cannabis  #vapejuice #cannabiscommunity Delta-8 Blueberry Gummies offer you a significant buzz in a tiny package. It‚Äôs a delicious Blueberry gummy infused with Delta-8 THC. Enjoy the flavor of Blueberry https://t.co/PWBWyyiF39 #cbdedibles #delta8 https://t.co/B51Tq3FXOW,infused,3399,1.40E+18,CBDSmokeShop,"delta-8 infused, sale, food/bev","edible, fruit, flavor, gymmy, buzz, enjoy",in post only,1,1,0,0,1,1,0,0,0,1,1,0,0,0,0,1,0,0,0,0,1,1,1,0,0,1,1,0,0,0,1,1,0,0,0,0,0,0,0,0,0,1
RT https://t.co/9K2RLp0LPh Yellow Thai https://t.co/VN5dfrA83r #delta8 #kratom #hempwerkscbd #cbd #Hempwerks https://t.co/TaEgrB8GCI,kratom,2992,1.43E+18,Victor M. Cartwright,"hashtag standalone, sale",nothing.,"not in post, hashtag standalone",0,0,1,0,0,0,0,0,0,0,0,0,0,0,0,0,0,0,0,0,1,0,0,1,0,0,0,0,0,0,0,0,0,0,0,0,0,0,0,0,0,1
RT https://t.co/z2MEYtYmzC Delta 8 THC 1g Starter Kit https://t.co/AQszzFCRF3 #Hempwerks #cbd #delta8 #hempwerkscbd #kratom https://t.co/BSqwCApiaB,kratom,2992,1.42E+18,Victor M. Cartwright,"hashtag standalone, sale",starter kit,"not in post, hashtag standalone",0,0,1,0,0,0,0,0,0,1,0,0,1,0,0,0,0,0,0,0,1,0,0,1,0,0,0,0,0,0,0,0,0,0,0,0,0,0,0,0,0,1
"Delta 8 Tincture - 1,000MG - Cereal Milk https://t.co/47kxPPXzj8 #kratom #hempwerkscbd #Hempwerks #cbd #delta8 https://t.co/Z2vgg1RrvT",kratom,2992,1.43E+18,hempwerks,"hashtag standalone, sale, tincture","tincture, amount of drug, flavor","not in post, hashtag standalone",0,1,0,0,0,1,0,0,0,1,1,0,1,0,0,0,0,0,0,0,1,0,1,0,1,0,1,0,0,0,1,1,0,1,0,0,0,0,0,0,0,1
RT @yokratom: https://t.co/EOsY52zDtZ is giving away the hottest product of the year: PS5 Blu-Ray Edition &amp; a load of Delta 8! There is no‚Ä¶,kratom,2992,1.42E+18,Luzpiz,"account name, giveaway",give away,username,0,0,1,0,0,0,0,0,0,1,0,0,0,1,0,0,0,0,0,0,1,0,0,1,0,0,0,0,0,0,1,0,0,0,0,0,0,0,0,0,0,1
GRAV¬Æ SLUSH CUP https://t.co/pnsLQbBale #cbd #Hempwerks #hempwerkscbd #kratom #delta8 https://t.co/7TZ1wmdFqh,kratom,2992,1.40E+18,hempwerks,hashtag standalone,flavor?,"not in post, hashtag standalone",0,1,0,0,0,0,0,0,0,0,0,0,0,0,0,0,0,0,0,0,1,0,1,0,0,0,0,0,0,0,0,0,0,0,0,0,0,0,0,0,0,1
GRAV¬Æ EMPRESS WATER PIPE https://t.co/FcIkHHIqEK #delta8 #kratom #hempwerkscbd #cbd #Hempwerks https://t.co/2UuwEOegBL,hempwerks,2930,1.41E+18,hempwerks,"hashtag standalone, sale, paraphenelia ",pipe,"brand, hashtag standalone",0,1,0,0,0,0,0,0,0,0,0,0,0,0,0,0,0,0,0,0,1,0,1,0,0,0,0,0,1,0,0,0,0,0,0,0,0,0,0,0,0,1
8oz. Exfoliating Brown Sugar Scrub - 250mg https://t.co/Py1muuYnGI #Hempwerks #hempwerkscbd #delta8 #kratom #cbd https://t.co/2aDX7Jml9s,hempwerks,2930,1.40E+18,hempwerks,"hashtag standalone, lotion, sale",sugar scrup,"brand, hashtag standalone",0,1,0,0,1,0,0,0,1,0,0,0,1,0,0,0,0,0,0,0,1,0,1,0,0,0,0,0,0,1,0,0,0,1,0,0,0,0,0,0,0,1
RT https://t.co/ghczvkJo99 High CBD Formula Bath Salts - 250mg - 1 pound https://t.co/EFRNmpgrpu #hempwerkscbd #Hempwerks #kratom #delta8 #cbd https://t.co/jDbATYTTl5,hempwerks,2930,1.41E+18,Victor M. Cartwright,"hashtag standalone, lotion, sale",bath,"brand, hashtag standalone",0,1,1,0,0,0,0,0,1,0,0,0,1,0,0,0,0,0,0,0,1,0,0,1,0,0,0,0,0,1,0,0,0,1,0,0,0,0,0,0,0,1
Full Spectrum CBD Cartridge - 1g https://t.co/krplyDjU82 #delta8 #Hempwerks #hempwerkscbd #cbd #kratom https://t.co/oBpyU7dnE4,hempwerks,2930,1.43E+18,hempwerks,"hashtag standalone, vape, sa;e",cartridge,"brand, hashtag standalone",0,1,0,0,0,0,1,0,0,0,0,0,0,0,0,0,0,0,0,0,1,0,1,0,0,0,0,1,0,0,0,0,0,1,0,0,0,0,0,0,0,1
CONICAL POCKET BUBBLER https://t.co/ucyhpiX84z #delta8 #kratom #Hempwerks #hempwerkscbd #cbd https://t.co/64JuUYvV9L,hempwerks,2930,1.40E+18,hempwerks,"hashtag standalone, sale, paraphenelia ",pipe,"brand, hashtag standalone",0,1,0,0,0,0,0,0,0,0,0,0,0,0,0,0,0,0,0,0,1,0,1,0,0,0,0,0,1,0,0,0,0,0,0,0,0,0,0,0,0,1
RT https://t.co/1lBj6bu29G GRAV¬Æ EXTRA LARGE BEAKER https://t.co/AmsujjjweA #delta8 #Hempwerks #kratom #hempwerkscbd #cbd https://t.co/x3NqGqbuAz,hempwerkscbd,2828,1.43E+18,Victor M. Cartwright,"hashtag standalone, sale, paraphenelia ",pipe?,"brand, hashtag standalone",0,0,1,0,0,0,0,0,0,0,0,0,0,0,0,0,0,0,0,0,1,0,0,1,0,0,0,0,0,0,0,0,0,0,0,0,0,0,0,0,0,1
RT https://t.co/8OhPSdTF3h Delta 8 Gummies https://t.co/f2WevsVafE #delta8 #kratom #Hempwerks #hempwerkscbd #cbd https://t.co/apzUJ1RXMU,hempwerkscbd,2828,1.42E+18,Victor M. Cartwright,"hashtag standalone, sale, food/bev","edible, gummy, #1","brand, hashtag standalone",0,0,1,0,0,1,0,0,0,1,0,0,0,0,0,0,0,0,0,0,1,0,0,1,0,0,0,0,0,0,0,0,0,0,0,0,0,0,0,0,0,1
RT https://t.co/kkqOV3NsWP 8oz. Ultra Rich Body Butter CBD infused https://t.co/Qp1Zeqxvjs #hempwerkscbd #Hempwerks #cbd #delta8 #kratom https://t.co/IjS2MG1HtE,hempwerkscbd,2828,1.42E+18,Victor M. Cartwright,"hashtag standalone, sale, lotion",lotion,"brand, hashtag standalone",0,0,1,0,0,0,0,0,1,0,0,0,1,0,0,0,0,0,0,0,1,0,0,1,0,0,0,0,0,1,0,0,0,0,0,0,0,0,0,0,0,1
"Delta 8 Tincture - 1,000MG - Cereal Milk https://t.co/47kxPPXzj8 #kratom #cbd #hempwerkscbd #delta8 #Hempwerks https://t.co/8lRcTHYDeP",hempwerkscbd,2828,1.44E+18,hempwerks,"hashtag standalone, sale, tincture","tincture, amount of drug, flavor","brand, hashtag standalone",,,,1,,,,,,,,,,,,,,,,,,0,1,0,1,0,1,0,0,0,1,1,0,1,0,0,0,0,0,0,0,1
MediPets CBD Cat Treats - Adult Dental Catnip Flavor - 200mg https://t.co/ZWjmXfMS61 #Hempwerks #cbd #kratom #hempwerkscbd #delta8 https://t.co/Jn49FgassP,hempwerkscbd,2828,1.43E+18,hempwerks,"hashtag standalone, sale, pet","pet, edible, dental","brand, hashtag standalone",,,,1,,,,,,,,,,,,,,,,,,0,1,0,1,0,1,0,0,0,0,1,0,1,0,0,0,0,0,0,0,1
"#edibles #cbdoil #prerolls #cannabis  #vapejuice #cannabiscommunity Charlottes Wife CBD Caviar Cone (0.8 Gram)

Smokeable hemp flower is quickly becoming one of the most popular forms of consumption, due to it's quick effects, flavor, https://t.co/7jDS50SiQU #cbdedibles #delta8 https://t.co/Yl5IQ29TCH",flower,2614,1.43E+18,CBDSmokeShop,"product, sale, flower","flower, smoke, quick, flavor",in post only,1,1,0,0,0,0,0,1,0,0,0,0,1,0,0,1,0,0,1,0,1,1,1,0,0,1,0,0,1,0,0,1,0,1,0,0,1,0,0,0,0,1
"#Utoya #delta8 #moonrocks #hempflower #cbdflower in #halfoz #jars online at https://t.co/2aE0pErQ8a 

#legalweed #legalthc #hemp #delta8flower #d8 https://t.co/M0iyUsRXrR",flower,2614,1.40E+18,Joseph Edwards,"hashtag sentence, product, sale, flower ","sale, legal","hashtag standalone, product advertising",0,0,0,0,0,0,0,1,0,1,0,0,1,0,0,0,0,1,0,0,1,0,0,0,0,0,0,0,1,0,0,0,0,0,0,0,0,0,0,0,0,1
"Use code 'FLOWER10' for 10% off all D8 flower or visit https://t.co/GLhxKivDzY to browse PHD Chemist Derived Delta-8-THC products.‚úåüèæüåø‚Å£‚Å£‚Å£
‚Å£‚Å£‚Å£
‚Å£‚Å£‚Å£#StayMellow #Delta8THC #Delta8 #Delta8Flower #Delta8Gummies #Delta8Candy",flower,2614,1.37E+18,Mellow Fellow,"product, sale, flower","coupon, flower, ",in post and hashtag standalone,0,1,0,0,1,0,0,1,0,1,0,0,0,1,0,0,0,0,0,0,1,0,1,0,0,1,0,0,1,0,1,0,0,0,1,0,0,0,0,0,0,1
"#edibles #cbdoil #prerolls #cannabis  #vapejuice #cannabiscommunity Tommy Chong's CBD Sour Gummies Full Spectrum CBD never tasted so good! Extracted from 100% U.S. grown hemp flower and blended with natural flavors. Gelatin for a quick, https://t.co/PjwzvdqRU6 #cbdedibles #delta8 https://t.co/WqTY4pCBAw",flower,2614,1.43E+18,CBDSmokeShop,"extracted, product, sale, food/bev","edible, gummy, taste, us grown, natural",in post,1,1,0,0,1,1,0,0,0,0,1,0,0,0,0,0,0,0,0,0,1,1,1,0,0,0,1,0,0,0,0,1,0,0,0,0,0,1,0,0,0,1
"#edibles #cbdoil #prerolls #cannabis  #vapejuice #cannabiscommunity In this episode we will be making Infused White Sugar! You can use either Cannabis or Hemp flower to infuse this recipe. We will be using Hemp in this video, ... https://t.co/qwtyYToLNL #cbdedibles #delta8 https://t.co/XHWA4FRVlg",flower,2614,1.44E+18,CBDSmokeShop,"infused, cooking","video, recipe, flower",in post,1,1,0,0,1,1,0,0,0,0,0,0,0,0,0,0,0,0,0,0,1,1,1,0,0,1,1,0,1,0,0,1,0,0,0,0,0,0,0,0,0,1
"Shatterday 

NEW Banana Runtzüçå

#moonmen
#delta8thc 
#delta8
#hemp
#cbd
#delta8flower 
#moonrocks 
#hempflower
#smokeshop
#smokeshops
#thc
#thclife
#thcinfused
#420
#moonrocks
#joint
#bluedream https://t.co/KlA8SSPh3T https://t.co/Ei2Ikhu9GA",delta8thc,2226,1.40E+18,Moon Men Hemp,"hashtag standalone, sale vape","new, shatter, flavor, fruit",hashtag standalone,0,1,0,0,0,0,0,1,0,1,1,0,0,0,0,0,0,0,0,0,1,0,1,0,0,0,0,0,1,0,0,1,0,0,0,0,0,0,0,0,0,1
"https://t.co/j7CoovMIpg #mmm #traphouse #delta8 #gummies 
Yes, we have Delta 8 #thc! It's legal! This #medicine Gets you #stoned,  #happy, with #relaxation and #painrelief my #couponCode is MASSWON for 10% off &amp; #freeShipping #delta8thc #delta8
#cbd #hempoil #cbdvape #vapingcbd https://t.co/YLBXwaW8AY",delta8thc,2226,1.42E+18,CBD BEAST,"hashtag standalone, medical claims, sale, food/bev","new, available, legal, medicine, happy, relax, pain, coupon",hashtag IN SENTENCE,0,1,0,0,1,0,0,0,0,1,0,0,0,1,1,1,0,1,0,0,1,0,1,0,0,1,0,0,0,0,1,0,0,0,1,1,1,0,0,0,1,1
"OG  Kush Delta 8 THC Vape Cart from Hemp Lively! Bulk, Private Label, Retail, and Wholesale!

#delta8 #delta8thc #delta8thcreview #delta8thcgummies #delta8thctincture #Delta8thceffects 

https://t.co/zeBlsqVStM https://t.co/UPsNmxK8ez",delta8thc,2226,1.35E+18,thewhateverguy,"hashtag standalone, sale, vape","vape, bulk, wholesale",hashtag standalone,0,1,0,0,1,0,1,0,0,1,0,0,0,0,0,0,0,0,0,0,1,0,1,0,0,1,0,1,0,0,1,0,0,0,1,0,0,0,0,0,0,1
What Are Delta-8 THC Moon Rocks And Where To Get Them? https://t.co/B4eLFK5LP6 via @cbdtesters #MOONROCKS #delta8 #delta8thc,delta8thc,2226,1.36E+18,CBD Flowers,"hashtag standalone, sale ","information, availability",in sentence and hashtag standalone,0,1,0,0,1,0,0,1,0,1,0,0,0,0,0,0,0,0,0,0,1,0,1,0,0,1,0,0,1,0,1,0,0,0,0,0,0,0,0,0,0,1
"AK47 (Hyrbid) 92% D8 Vape CartridgeüëΩüöÄ

#moonmen
#delta8thc 
#delta8
#hemp
#cbd
#delta8flower 
#moonrocks 
#hempflower
#smokeshop
#smokeshops
#thc
#thclife
#thcinfused
#420 https://t.co/UfXqVqCpz2 https://t.co/WMarcnYoRu",delta8thc,2226,1.40E+18,Moon Men Hemp,"hashtag standalone, sale, vape",vape ,hashtag standalone,0,1,0,0,0,0,1,0,0,1,0,0,1,0,0,0,0,0,0,0,1,0,1,0,0,1,0,1,0,0,1,0,0,1,0,0,0,0,0,0,0,1
#edibles #cbdoil #prerolls #cannabis  #vapejuice #cannabiscommunity Strawberry Flavor Diamond CBD Hemp oil simple classic and a very tempting flavor. It will remind you of the best strawberries that you have ever had.¬†Diamond CBD is a https://t.co/EPoqf84ujT #cbdedibles #delta8 https://t.co/GnLFo0ZXO7,flavor,2178,1.41E+18,CBDSmokeShop,"tempting, strawberry, product, sale, vape","oil, fruit, flavor, simple, classic, ",in post,1,1,0,0,1,0,1,0,0,0,1,0,0,0,0,0,0,0,0,0,1,1,1,0,1,1,1,0,0,0,0,1,0,0,0,0,0,0,0,0,0,1
"New G√ºey Œî8 Gummies! Vegan and Gluten-free. 250mg of Œî8 per container in three yummy flavors. 

Which one are you excited to try?

#guey #gueycbd #gueyd8 #gueydelta8 #delta8 #d8gummies #gummies #delta8gummies #ediebles #lifted #faded #mentalhealth https://t.co/BRyN6eySCD",flavor,2178,1.44E+18,G√ºey CBD,"yummy, product, sale, food/bev","edible, gummy, vegan, gluten free, yummy, flavor, new",in post,0,1,0,0,1,1,0,0,0,1,1,0,1,0,1,1,0,0,0,0,1,0,1,0,0,1,1,0,0,0,1,1,0,1,0,0,0,1,0,0,1,1
#edibles #cbdoil #prerolls #cannabis  #vapejuice #cannabiscommunity Strawberry Flavor Diamond CBD Hemp oil simple classic and a very tempting flavor. It will remind you of the best strawberries that you have ever had.¬†Diamond CBD is a https://t.co/EPoqf7MTsl #cbdedibles #delta8 https://t.co/nmOaYxXmZ4,flavor,2178,1.42E+18,CBDSmokeShop,"tempting, strawberry, product, sale, vape","oil, flavor, fruit, simple, classic",in post,,,,1,,,,,,,,,,,,,,,,,,1,1,0,1,1,0,0,0,0,0,1,0,0,0,0,0,0,0,0,0,1
"#edibles #cbdoil #prerolls #cannabis  #vapejuice #cannabiscommunity Blueberry Vape Juice - This CBD vape juice liquid blend comes in various strengths of 250mg, 500mg, 1000mg and 2000mg, and features a blueberry flavor. https://t.co/J88W0ikwsT #cbdedibles #delta8 https://t.co/qzLKkKqjqq",flavor,2178,1.42E+18,CBDSmokeShop,"blueberry, product, sale, vape","vape, amount of drug, flavor, fruit",in post,1,1,0,0,1,0,1,0,0,0,1,0,1,0,0,0,0,0,0,0,1,1,1,0,1,1,0,1,0,0,0,1,0,1,0,0,0,0,0,0,0,1
"#edibles #cbdoil #prerolls #cannabis  #vapejuice #cannabiscommunity Pineapple Mango CBD Vape Oil E-Juice 30ML

Our tropical fusion of pineapple and mango flavored CBD vape juice is infused with our custom blend proprietary cbd formula https://t.co/tlAmjAHNKi #cbdedibles #delta8 https://t.co/nxUCDxFic0",flavor,2178,1.40E+18,CBDSmokeShop,"pineapple, mango, cbd, product, sale, vape","vape, flavor, fruit, custom",in post,1,1,0,0,1,0,1,0,0,0,1,0,1,0,0,0,0,0,0,0,1,1,1,0,0,1,0,1,0,0,0,1,0,0,0,0,0,0,0,0,0,1
"#edibles #cbdoil #prerolls #cannabis  #vapejuice #cannabiscommunity Hi! Welcome to ""Angela's Anything Show."" On today's episode, Angela brings you another edition of Cooking with Cannabis. This time, she's taking a cutesy ...
source https://t.co/pKcFmciPC3 #cbdedibles #delta8 https://t.co/QPvhMHofmK",source,2161,1.44E+18,CBDSmokeShop,"link, cooking, show","video, recipe, flower",website,1,1,0,0,0,1,0,0,0,0,0,0,0,0,0,0,0,0,0,0,1,1,1,0,0,0,1,0,0,0,0,0,0,0,0,0,0,0,0,0,0,1
"#edibles #cbdoil #prerolls #cannabis  #vapejuice #cannabiscommunity CBD has quickly become one of the most powerful substances on the planet and it's completely NATURAL. So many people have discovered relief with #CBD.
source https://t.co/UYKMnMyEdU #cbdedibles #delta8 https://t.co/0onXC8t3GC",source,2161,1.44E+18,CBDSmokeShop,"link, news","powerful, natural, relief",website,1,1,0,0,0,0,0,0,0,0,0,0,0,0,1,0,1,0,1,0,1,1,1,0,0,0,0,0,0,0,0,0,0,0,0,1,0,1,0,1,0,1
"#edibles #cbdoil #prerolls #cannabis  #vapejuice #cannabiscommunity Join Chef Tanya Nicole in this educational cannabis cooking show with a comedy infusion. Directed, filmed &amp; Edited by @MysterDL for ILL Mannered Films.
source https://t.co/hzrLHKjwn7 #cbdedibles #delta8 https://t.co/ERsnJxAcHL",source,2161,1.43E+18,CBDSmokeShop,"link, cooking, show","education, recipe, funny",website,1,1,0,0,0,1,0,0,0,0,0,0,0,0,0,0,0,0,0,0,1,1,1,0,0,0,1,0,0,0,0,0,0,0,0,0,0,0,0,0,0,1
"#edibles #cbdoil #prerolls #cannabis  #vapejuice #cannabiscommunity CBD product companies are not officially allowed to list medical benefits to their use. Some of the most recognized and studied effects of CBD include its ...
source https://t.co/AeSP6bPFnv #cbdedibles #delta8 https://t.co/VKEpJ0chRJ",source,2161,1.44E+18,CBDSmokeShop,"link, medical claims",medical,website,1,1,0,0,0,0,0,0,0,0,0,0,0,0,1,0,0,0,0,0,1,1,1,0,0,0,0,0,0,0,0,0,0,0,0,1,0,0,0,0,0,1
"HAPPY 420!  RIGHT NOW SINGLE SOURCE
IS HAVING A 20% SITE-WIDE SALE
USE COUPON: 420

https://t.co/7Ifq6xPG1c

#delta8 #cbd #cbn #cbg #cannabis #vapedeal #vaping #ccell #vaporjoes #vapingunderground #singlesource #singlesourced #mmj #hemp #hempnation #hempfarm https://t.co/wYvThKheg5",source,2161,1.38E+18,Single Source,"account name, company name",coupon,single source,0,1,0,0,1,0,0,0,0,0,0,0,0,1,0,0,0,0,0,0,1,0,1,0,0,1,0,0,0,0,0,0,0,0,1,0,0,0,0,0,0,1
"#edibles #cbdoil #prerolls #cannabis  #vapejuice #cannabiscommunity CBD Lollipops, after years of extensive reviewing, testing, and researching countless CBD products,¬† we have taken all that we learned and created the most optimized https://t.co/WZV4XAmPiv #cbdedibles #delta8 https://t.co/PuL5PdHVRM",products,2081,1.42E+18,CBDSmokeShop,"cbd, sale","review, test, research, learn, optimized",nowhere,1,1,0,0,1,1,0,0,0,0,0,1,0,0,0,0,0,0,0,0,1,1,1,0,0,1,0,0,0,0,0,0,1,0,0,0,0,0,0,0,1,1
"RT @Grandpoohbah78: $CATV our new #delta8 products will be available soon, #gummies #buds #carts #love #florida #hemp #thc https://t.co/ari‚Ä¶",products,2081,1.44E+18,Tortellini_The_Turbo_Cat,"delta 8 , sale",coming soon,product advertisement,0,0,1,0,1,1,1,1,-,1,0,0,0,0,0,0,0,0,0,1,1,0,0,1,0,1,0,0,0,0,0,0,0,0,0,0,0,0,0,0,1,1
"RT @CarverJohns: All @MellowFellowD8 products are batch tested to ensure consistency and reliability. ‚Å£‚Å£
‚Å£‚Å£
Everything at https://t.co/3KtR‚Ä¶",products,2081,1.37E+18,the420garden,"tested, sale","tested, consistency, reliability",testing,0,1,1,0,0,0,0,0,0,1,0,1,0,0,0,0,0,0,0,0,1,0,0,1,0,1,0,0,0,0,1,0,1,0,0,0,0,0,0,0,0,1
"Testimonials drive us to be our best for you. 
#Testimonials #hemp #Floridahemp #delta8 #gramco #gramfam #customerfeedback #customerreviews #hemp #Floridahemp #d8 #cannabinoids #hempgoals #cannabis #hemplife #2021giftguide #giftsforher #giftsforhim #giftideas #hempproducts https://t.co/PFyxvswANT",products,2081,1.44E+18,GramCo,"hashtag standalone, hempproducts, sale",testimonials,hashtag standalone,0,1,0,0,0,0,0,0,0,1,0,0,0,0,0,0,0,0,0,0,1,0,1,0,0,0,0,0,0,0,0,0,1,0,0,0,0,0,0,0,0,1
"üçÑüåøüçÑüåøüçÑüåøüçÑüåøüçÑüåø
Check out all of these great products and so much more here. üëáüòéüëá https://t.co/o55WtNHM86
Save some üí≤üí≤üí≤üí≤
With coupon codes. üòâüëç
#DELTA8 #anxietyrelief #free #DigitalMarketing #coupons #fitness #Miami #SteamSummerSale #thursdaymorning #thursdayvibes https://t.co/fF9YgCuMQj",products,2081,1.41E+18,Its_me_sandyleigh üöó,"sale, great, medical claims","great products, coupon",product advertisement,0,0,0,0,1,0,0,0,0,1,0,0,0,1,1,0,0,0,0,0,1,0,0,0,0,1,0,0,0,0,0,0,0,0,1,0,0,0,0,0,0,1
"#edibles #cbdoil #prerolls #cannabis  #vapejuice #cannabiscommunity CBD Gummies &amp; 1000mg Tincture Bundle
Our CBD gummies &amp; 1000mg Tincture Bundle includes our CBD gummies and your preferred flavor of our 30ml 1000mg full spectrum https://t.co/RrobgWuYvy #cbdedibles #delta8 https://t.co/AXgitfAFA2",spectrum,1907,1.43E+18,CBDSmokeShop,"full spectrum, tincture, sale","gummy, edible, tincture, amount of drug, flavor",full spectrum,1,1,0,1,,,,,,,,,,,,,,,,,,1,1,0,1,1,1,0,0,0,0,1,0,1,0,0,0,0,0,0,0,1
"#edibles #cbdoil #prerolls #cannabis  #vapejuice #cannabiscommunity Full-Spectrum CBD Oil¬† 500mg

Bliss CBD oil is made with full-spectrum hemp extract. It makes use of the entourage effect to deliver over 80 nutrients. In addition https://t.co/ml3qXb4MxJ #cbdedibles #delta8 https://t.co/eTCoxe84Xu",spectrum,1907,1.40E+18,CBDSmokeShop,"full spectrum hemp, sale, medical claims","oil, nutrients",full spectrum,1,1,0,0,1,0,1,0,0,0,0,0,1,0,1,0,0,0,0,0,1,1,1,0,1,1,1,0,0,0,0,0,0,1,0,0,1,0,0,0,0,1
"#edibles #cbdoil #prerolls #cannabis  #vapejuice #cannabiscommunity Use this link and get a free bottle ‚û° https://t.co/bF75RDacDL Smilz CBD Gummies are pure broad spectrum hemp edibles that contain 10mg of ...
source https://t.co/4DMuk1LKQG #cbdedibles #delta8 https://t.co/XES45TrNo1",spectrum,1907,1.43E+18,CBDSmokeShop,"pure broad spectrum hemp, sale, food/bev","free, edible, amount of drug",broad spectrum,1,1,0,0,1,1,0,0,0,0,0,0,1,1,0,0,0,0,0,0,1,1,1,0,0,1,1,0,0,0,0,0,0,1,0,0,0,0,0,0,0,1
"#edibles #cbdoil #prerolls #cannabis  #vapejuice #cannabiscommunity Furry Friends Formula 500mg

This 500mg furry friends formula is made from a smart blend of full spectrum hemp oil and sustainably harvested Omega-3 anchovy fish oil. https://t.co/q7DfEb6V3r #cbdedibles #delta8 https://t.co/qwvdRwNx4m",spectrum,1907,1.41E+18,CBDSmokeShop,"full spectrum hemp, sale, pet","amount of drug, pet, sustainable",full spectrum,1,1,0,0,1,0,0,0,0,0,0,0,1,0,0,0,0,0,0,0,1,1,1,0,0,1,1,0,0,0,0,0,0,1,0,0,0,0,0,0,0,1
"#edibles #cbdoil #prerolls #cannabis  #vapejuice #cannabiscommunity Full-Spectrum CBD Oil¬† 500mg

Bliss CBD oil is made with full-spectrum hemp extract. It makes use of the entourage effect to deliver over 80 nutrients. In addition https://t.co/ml3qXaNbGb #cbdedibles #delta8 https://t.co/9vu5zaqMtA",spectrum,1907,1.43E+18,CBDSmokeShop,"full spectrum hemp, entourage, medical claims, sale","oil, nutrients",full spectrum,1,1,0,1,,,,,,,,,,,,,,,,,,1,1,0,1,1,1,0,0,0,0,0,0,1,0,0,1,0,0,0,0,1
YoDelta is about to take things to the next level! We are giving away the hottest product of the year: Playstation 5 Blu-Ray Edition a load of Delta 8! There is no purchase necessary with multiple ways to enter!!! #ps5 #delta8 https://t.co/QMRnz8dPqz,ps5,1786,1.42E+18,suzanne kaiser,"hashtag standalone, giiveaway",giveaway,in post and hashtag standalone,0,0,0,0,1,0,0,0,0,0,0,0,0,1,0,0,0,0,1,0,1,0,0,0,1,1,0,0,0,0,0,0,0,0,0,0,0,0,0,0,0,1
"https://t.co/GergueT2Jg is giving away a Playstation 5!
https://t.co/kjvUxibwn6
#delta8 #yodelta #ps5 https://t.co/WTkYCh9kpy",ps5,1786,1.42E+18,PJ,"hashtag standalone, giveaway",giveaway,in post and hashtag standalone,0,0,0,1,,,,,,,,,,,,,,,,,,0,0,0,1,1,0,0,0,0,0,0,0,0,0,0,0,0,0,0,0,1
YoDelta is about to take things to the next level! We are giving away the hottest product of the year: Playstation 5 Blu-Ray Edition a load of Delta 8! There is no purchase necessary with multiple ways to enter!!! #ps5 #delta8 https://t.co/EXNuKIlN4I,ps5,1786,1.41E+18,Jens,"hashtag standalone, giveaway",giveaway,in post and hashtag standalone,0,0,0,1,,,,,,,,,,,,,,,,,,0,0,0,1,1,0,0,0,0,0,0,0,0,0,0,0,0,0,0,0,1
"https://t.co/gzINfRUKLP is giving away a Playstation 5!
https://t.co/2eXhuspCtj
#delta8 #yodelta #ps5 https://t.co/Bz38fxd6eh",ps5,1786,1.42E+18,shellie clark,"hashtag standalone, giveaway",giveaway,in post and hashtag standalone,0,0,0,1,,,,,,,,,,,,,,,,,,0,0,0,1,1,0,0,0,0,0,0,0,0,0,0,0,0,0,0,0,1
YoDelta is about to take things to the next level! We are giving away the hottest product of the year: Playstation 5 Blu-Ray Edition a load of Delta 8! There is no purchase necessary with multiple ways to enter!!! #ps5 #delta8 https://t.co/Bjd2hjL3Bh,ps5,1786,1.42E+18,test alexis,"hashtag standalone, giveaway",giveaway,in post and hashtag standalone,0,0,,1,,,,,,,,,,,,,,,,,,0,0,0,1,1,0,0,0,0,0,0,0,0,0,0,0,0,0,0,0,1
#edibles #cbdoil #prerolls #cannabis  #vapejuice #cannabiscommunity Chill Delta-8 Hemp Flower Lifter. Now you can enjoy whole flower hemp infused with Delta-8 THC the way it was meant to be experienced. In a sweet and sticky bud https://t.co/54ZsjwWv6a #cbdedibles #delta8 https://t.co/CvfkJZoucv,enjoy,1688,1.43E+18,CBDSmokeShop,"enjoy flower, sale, flower","flower, enjoy, natural, sweet, sticky",in post,1,1,0,1,,,,,,,,,,,,,,,,,,1,1,0,1,1,0,0,1,0,0,0,0,0,0,0,0,0,0,0,1,1
"#edibles #cbdoil #prerolls #cannabis  #vapejuice #cannabiscommunity Rechargeable CBD Dab Pen - With our in-house selection of dab pens, you can easily enjoy your shatter, dab oil, and waxes in a whole new light. If you are looking for a https://t.co/dRvpFR77HN #cbdedibles #delta8 https://t.co/evdShf74Yz",enjoy,1688,1.43E+18,CBDSmokeShop,"enjoy concentrates, vape, sale","dab pen, in house, enjoy, easy oil, shatter, wax",in post,1,1,0,0,1,0,1,0,0,0,0,0,0,0,0,0,0,0,0,0,1,1,1,0,1,1,0,0,1,0,0,0,0,0,0,0,0,0,0,0,0,1
#edibles #cbdoil #prerolls #cannabis  #vapejuice #cannabiscommunity Chill Delta-8 Hemp Flower Lifter. Now you can enjoy whole flower hemp infused with Delta-8 THC the way it was meant to be experienced. In a sweet and sticky bud https://t.co/54ZsjwWv6a #cbdedibles #delta8 https://t.co/KR2709Lsdb,enjoy,1688,1.42E+18,CBDSmokeShop,"enjoy flower, sale, flower","flower, natural, sweet, sticky",in post,1,1,,1,,,,,,,,,,,,,,,,,,1,1,0,1,1,0,0,1,0,1,1,0,0,0,0,0,0,0,0,1,1
#edibles #cbdoil #prerolls #cannabis  #vapejuice #cannabiscommunity With our in-house selection of pre-filled CBD vape oil pen. You can easily enjoy your favorite vape oil flavor wherever you see fit. If you were looking for a great https://t.co/ayzhL9oAJr #cbdedibles #delta8 https://t.co/OUDb9hgOyY,enjoy,1688,1.43E+18,CBDSmokeShop,"enjoy vape, sale, vape","vape, enjoy, flavor, locatoin",in post,1,1,0,0,1,0,1,0,0,0,1,0,0,0,0,0,0,0,0,0,1,1,1,0,1,1,0,1,0,0,0,1,0,0,0,0,0,0,0,0,0,1
"HBD, #Beyonce!
DYK Beyonce also uses CBD? 
What products do you think the Queen B uses? 

#thegreendragoncbd #cbd #delta8 https://t.co/Fc3FegGO16",product,1675,1.43E+18,The Green Dragon CBD,"celebrity, sale, cbd ","enjoy, premium, flower, sweet, chill, buzz, natural",in post,0,1,0,0,1,0,0,0,0,0,0,0,0,0,0,0,0,0,1,0,1,0,1,0,0,1,0,0,0,0,0,0,0,0,0,0,0,0,0,1,0,1
"RT @CDCInjury: New CDC Health Alert: Cannabis products containing delta-8 THC may have unclear &amp; incomplete labeling, leaving consumers at‚Ä¶",product,1675,1.44E+18,ASTHO,"cannabis products, news, cdc, health warning",celebrity,"question, type",0,0,1,0,1,0,0,0,0,1,0,0,0,0,0,0,0,0,0,0,1,0,0,1,0,1,0,0,0,0,1,0,1,0,0,0,0,0,0,0,0,0
"@CityofClinton letting your police department harass legal businesses about legal product without due process... its not a good look for you.

#delta8",product,1675,1.37E+18,JonFinn,"legal product, delta 8, legal harassment","alert, information, labeling",type,0,0,0,0,1,0,0,0,0,1,0,0,0,0,0,0,0,1,0,0,1,0,0,0,0,1,0,0,0,0,0,0,1,0,0,0,0,0,1,0,0,0
YoDelta is about to take things to the next level! We are giving away the hottest product of the year: Playstation 5 Blu-Ray Edition a load of Delta 8! There is no purchase necessary with multiple ways to enter!!! #ps5 #delta8 https://t.co/HoxymivmBS,product,1675,1.41E+18,pyrros,"hottest product, giveaway",legal status,legal,0,0,,1,,,,,,,,,,,,,,,,,,0,0,0,1,1,0,0,0,0,0,0,0,0,0,0,0,0,0,0,0,1
"#edibles #cbdoil #prerolls #cannabis  #vapejuice #cannabiscommunity Canna-Pet¬Æ Advanced Small ‚Äì 60 capsules

Our #1 product for cats &amp; dogs under 20 pounds.¬†

Recommended servings:

Pets under 20lbs (9kg), serve 1-2 capsules https://t.co/jAsURkqoED #cbdedibles #delta8 https://t.co/loyZ2kmTlN",product,1675,1.43E+18,CBDSmokeShop,"best product, pet, sale","new, giveaway",type,1,1,0,0,1,0,0,0,0,0,0,0,0,0,0,0,0,0,1,0,1,1,1,0,0,1,1,0,0,0,0,0,0,1,0,0,0,0,0,1,0,1
"#edibles #cbdoil #prerolls #cannabis  #vapejuice #cannabiscommunity Holistic Nutrition Consultant, Abbie Harper, shows us how to bake delicious CBD-infused chocolate chip cookies that happen to be vegan and gluten-free!
source https://t.co/oePMV3VKIE #cbdedibles #delta8 https://t.co/h7B09cuejO",free,1620,1.44E+18,CBDSmokeShop,"gluten-free, cbd","edible, pet",type,1,1,0,0,1,1,0,0,0,0,0,0,0,0,0,0,0,0,0,0,1,1,1,0,0,1,1,0,0,0,0,1,0,0,0,0,0,1,0,0,0,1
#edibles #cbdoil #prerolls #cannabis  #vapejuice #cannabiscommunity Check out https://t.co/0TG6BjudY3 to buy a gram of CBD Tincture for $16 with free shipping with promo codes 'freeisolateshipping' and 'weedlist10' at checkout ... https://t.co/FoFMOPBvOJ #cbdedibles #delta8 https://t.co/fGRuhcgIq6,free,1620,1.43E+18,CBDSmokeShop,"free shipping, freeisolateshipping, sale, tincture","holistic, nutrition, recipe, vegan, gluten free",gluten free,1,1,0,0,1,1,0,0,0,0,0,0,0,1,0,0,0,0,0,0,1,1,1,0,0,1,1,0,0,0,0,0,0,1,1,0,0,0,0,0,0,1
We have #delta8 To my #2a #veterans TY Always #freeshipping! Buy¬†https://t.co/jR9YYiAuhZ &amp; use my coupon code masswon! #isolate #cbd #cbdoil #hemp #cannabiscommunity #cbdheals #cbdvape #health #cannabidiol #vape #wellness #marijuana #organic #cbdisolate #cannabisoil,free,1620,1.36E+18,Mass One,"free shipping, sale","amount of drug, tincture, price, coupon",free shipping,0,0,0,0,1,0,0,0,0,1,0,0,0,1,1,0,1,0,0,0,1,0,1,0,0,1,0,0,0,0,0,0,0,0,0,0,0,0,0,0,0,1
New Arrival alert!! Chill Plus Full Spectrum Delta 8 CBD oil now available with #freeshipping @ https://t.co/PrT9BJXSjw  #cbdoil #CBDlife #cbdmovement #CBDstore #hemp #cannabidiol #hempoil #delta8 #delta8thc #THC #tincture #ThankfulThursday #ThursdayThoughts,free,1620,1.30E+18,Cbdsalesman,"free shipping, sale","availability, coupon",free shipping,0,1,0,0,1,0,1,0,0,1,0,0,0,1,0,0,0,0,0,1,1,0,1,0,1,0,1,0,0,0,1,0,0,0,1,0,1,0,0,0,1,1
RT @CBDSmokeShop: #edibles #cbdoil #prerolls #cannabis  #vapejuice #cannabiscommunity Our 500mg THC-free CBD tincture is made from our broa‚Ä¶,free,1620,1.42E+18,BestCBDOrganic,thc-free,"new, availability, free",free shipping,0,1,1,0,1,1,0,0,0,0,0,0,1,0,0,0,0,0,0,0,1,0,0,1,0,1,1,0,0,0,0,0,0,1,0,0,0,0,0,0,0,0
YoDelta is about to take things to the next level! We are giving away the hottest product of the year: Playstation 5 Blu-Ray Edition a load of Delta 8! There is no purchase necessary with multiple ways to enter!!! #ps5 #delta8 https://t.co/6YBnRdUCig,purchase,1589,1.42E+18,sonny isbell,"no purchase necessary, giveaway","amount of drug, tincture",THC free,0,0,,1,,,,,,,,,,,,,,,,,,0,0,0,1,1,0,0,0,0,0,0,0,0,0,0,0,0,0,0,0,1
YoDelta is about to take things to the next level! We are giving away the hottest product of the year: Playstation 5 Blu-Ray Edition a load of Delta 8! There is no purchase necessary with multiple ways to enter!!! #ps5 #delta8 https://t.co/lOiG9lcSMc,purchase,1589,1.41E+18,Szymon Petrykowski,"no purchase necessary, giveaway",giveaway,no purchase necessary giveaway,0,0,,1,,,,,,,,,,,,,,,,,,0,0,0,1,1,0,0,0,0,0,0,0,0,0,0,0,0,0,0,0,1
YoDelta is about to take things to the next level! We are giving away the hottest product of the year: Playstation 5 Blu-Ray Edition a load of Delta 8! There is no purchase necessary with multiple ways to enter!!! #ps5 #delta8 https://t.co/1ShmZBoYxR,purchase,1589,1.42E+18,yes,"no purchase necessary, giveaway",giveaway,no purchase necessary giveaway,0,0,,1,,,,,,,,,,,,,,,,,,0,0,0,1,1,0,0,0,0,0,0,0,0,0,0,0,0,0,0,0,1
YoDelta is about to take things to the next level! We are giving away the hottest product of the year: Playstation 5 Blu-Ray Edition a load of Delta 8! There is no purchase necessary with multiple ways to enter!!! #ps5 #delta8 https://t.co/GyazjwhsUf,purchase,1589,1.41E+18,Amods,"no purchase necessary, giveaway",giveaway,no purchase necessary giveaway,0,0,,1,,,,,,,,,,,,,,,,,,0,0,0,1,1,0,0,0,0,0,0,0,0,0,0,0,0,0,0,0,1
YoDelta is about to take things to the next level! We are giving away the hottest product of the year: Playstation 5 Blu-Ray Edition a load of Delta 8! There is no purchase necessary with multiple ways to enter!!! #ps5 #delta8 https://t.co/Doh3CWIn6u,purchase,1589,1.41E+18,Will Griesmer,"no purchase necessary, giveaway",giveaway,no purchase necessary giveaway,0,0,,1,,,,,,,,,,,,,,,,,,0,0,0,1,1,0,0,0,0,0,0,0,0,0,0,0,0,0,0,0,1
#edibles #cbdoil #prerolls #cannabis  #vapejuice #cannabiscommunity Take a wild trip to the islands and feel the buzz with Delta 8 CBD Mango Gummies. It‚Äôs a delicious Mango gummy infused with Delta-8 THC. Enjoy the flavor of Mango https://t.co/NYBSB8UXc6 #cbdedibles #delta8 https://t.co/o9DQDMegmB,gummy,1574,1.41E+18,CBDSmokeShop,"delta 8 infused, sale, food/bev",giveaway,no purchase necessary giveaway,1,1,,1,,,,,,,,,,,,,,,,,,1,1,0,1,1,1,0,0,0,1,1,0,0,0,0,0,0,0,0,0,1
#edibles #cbdoil #prerolls #cannabis  #vapejuice #cannabiscommunity It‚Äôs like a buzz from the ice cream man with Orange Creamsicle CBD Gummies flavored Delta-8 THC Bites. It‚Äôs a delicious Orange Creamsicle gummy infused with Delta-8 https://t.co/GqLqJzX7OP #cbdedibles #delta8 https://t.co/YDzrJLYrdS,gummy,1574,1.41E+18,CBDSmokeShop,"delta 8 infused, sale, food/bev","trip, buzz, edible, fruit, flavor, gymmy, enjoy","in post, product advertisement",1,1,,1,,,,,,,,,,,,,,,,,,1,1,0,1,1,1,0,0,0,1,1,0,0,0,0,0,0,0,0,0,1
#edibles #cbdoil #prerolls #cannabis  #vapejuice #cannabiscommunity Yum Yum Sour Gummies CBD 1000x CBD Infused Sour Bears. Use natural CBD hemp extract and deliver yummy CBD gummy taste. CBD Gummies are the #1 CBD choice for many people https://t.co/jLmynjjVSw #cbdedibles #delta8 https://t.co/wMnq0ruEqK,gummy,1574,1.42E+18,CBDSmokeShop,"cbd infused, sale, food/bev","buzz, edible, fummy, flavor","in post, product advertisement",1,1,0,0,1,1,0,0,0,0,1,0,0,0,0,0,1,0,1,0,1,1,1,0,1,1,1,0,0,0,0,1,0,0,0,0,0,0,0,1,0,1
"#edibles #cbdoil #prerolls #cannabis  #vapejuice #cannabiscommunity Did you know that gelatin is actually good for dogs? That means they can have homemade gummy bears! How fun! We're making watermelon gummy bears with ...
source https://t.co/o1XpbTOnul #cbdedibles #delta8 https://t.co/arToX9rKQM",gummy,1574,1.44E+18,CBDSmokeShop,"delta 8 infused, pet, sale","sour, edible , gummy, natural, yummy, #1","in post, product advertisement",1,1,0,0,1,1,0,0,0,0,1,0,0,0,0,0,0,0,0,0,1,1,1,0,0,1,1,0,0,0,0,1,0,0,0,0,0,0,0,0,0,1
"Use code 'SourSale' for an awesome promo deal on our sour gummy worms or visit https://t.co/KhK6hNjZRD to browse PHD Chemist Derived Delta-8-THC products.‚úåüèæHerb‚Å£‚Å£‚Å£‚Å£
‚Å£‚Å£‚Å£‚Å£
#StayMellow #Delta8THC #Delta8 #Delta8Flower #Delta8Gummies #Delta8Candy",gummy,1574,1.37E+18,Mellow Fellow,"delta 8 infused, sale, food/bev","information, homemade, flavor, edible, fruit","in post, product advertisement",0,1,0,0,1,1,0,0,0,1,1,0,0,1,0,0,0,0,0,0,1,0,1,0,0,1,1,0,0,0,0,1,0,0,1,0,0,0,0,0,0,1
,,,,,,,,,,,,,,,,,,,,,,,,,,,,,,,,,,,,,,,,,,,,,,,,,
total,,,,,,,,76,111,,,51,,,,,,,,,,19,13,15,6,12,10,,77,111,20,52,65,64,16,17,6,29,47,8,44,13,15,11,15,3,11,14,139
